Year,Month,County,Registration type,Engine type,Car registration count
2016,January,Galway,New Irish Registrations,Non electric,"1,614"
2016,February,Galway,New Irish Registrations,Non electric,896
2016,March,Galway,New Irish Registrations,Non electric,848
2016,April,Galway,New Irish Registrations,Non electric,312
2016,May,Galway,New Irish Registrations,Non electric,202
2016,June,Galway,New Irish Registrations,Non electric,41
2016,July,Galway,New Irish Registrations,Non electric,"1,120"
2016,August,Galway,New Irish Registrations,Non electric,308
2016,September,Galway,New Irish Registrations,Non electric,190
2016,October,Galway,New Irish Registrations,Non electric,76
2016,November,Galway,New Irish Registrations,Non electric,20
2016,December,Galway,New Irish Registrations,Non electric,17
2016,January,Galway,New Imports,Non electric,2
2016,March,Galway,New Imports,Non electric,2
2016,April,Galway,New Imports,Non electric,1
2016,May,Galway,New Imports,Non electric,1
2016,July,Galway,New Imports,Non electric,2
2016,January,Galway,Used Imports,Non electric,257
2016,February,Galway,Used Imports,Non electric,373
2016,March,Galway,Used Imports,Non electric,352
2016,April,Galway,Used Imports,Non electric,351
2016,May,Galway,Used Imports,Non electric,380
2016,June,Galway,Used Imports,Non electric,371
2016,July,Galway,Used Imports,Non electric,322
2016,August,Galway,Used Imports,Non electric,411
2016,September,Galway,Used Imports,Non electric,482
2016,October,Galway,Used Imports,Non electric,438
2016,November,Galway,Used Imports,Non electric,563
2016,December,Galway,Used Imports,Non electric,356
2016,January,Galway,New Irish Registrations,Electric,1
2016,February,Galway,New Irish Registrations,Electric,8
2016,March,Galway,New Irish Registrations,Electric,4
2016,July,Galway,New Irish Registrations,Electric,3
2016,January,Galway,Used Imports,Electric,1
2016,March,Galway,Used Imports,Electric,2
2016,May,Galway,Used Imports,Electric,2
2016,June,Galway,Used Imports,Electric,1
2016,July,Galway,Used Imports,Electric,1
2016,August,Galway,Used Imports,Electric,2
2016,September,Galway,Used Imports,Electric,3
2016,October,Galway,Used Imports,Electric,1
2016,November,Galway,Used Imports,Electric,4
2016,December,Galway,Used Imports,Electric,1
2016,January,Galway,New Irish Registrations,Hybrid,49
2016,February,Galway,New Irish Registrations,Hybrid,16
2016,March,Galway,New Irish Registrations,Hybrid,32
2016,April,Galway,New Irish Registrations,Hybrid,10
2016,May,Galway,New Irish Registrations,Hybrid,4
2016,July,Galway,New Irish Registrations,Hybrid,36
2016,August,Galway,New Irish Registrations,Hybrid,16
2016,September,Galway,New Irish Registrations,Hybrid,6
2016,October,Galway,New Irish Registrations,Hybrid,3
2016,November,Galway,New Irish Registrations,Hybrid,3
2016,January,Galway,Used Imports,Hybrid,4
2016,February,Galway,Used Imports,Hybrid,7
2016,March,Galway,Used Imports,Hybrid,7
2016,April,Galway,Used Imports,Hybrid,5
2016,May,Galway,Used Imports,Hybrid,3
2016,June,Galway,Used Imports,Hybrid,9
2016,July,Galway,Used Imports,Hybrid,4
2016,August,Galway,Used Imports,Hybrid,5
2016,September,Galway,Used Imports,Hybrid,12
2016,October,Galway,Used Imports,Hybrid,8
2016,November,Galway,Used Imports,Hybrid,6
2016,December,Galway,Used Imports,Hybrid,6
2016,January,Leitrim,New Irish Registrations,Non electric,195
2016,February,Leitrim,New Irish Registrations,Non electric,95
2016,March,Leitrim,New Irish Registrations,Non electric,68
2016,April,Leitrim,New Irish Registrations,Non electric,45
2016,May,Leitrim,New Irish Registrations,Non electric,26
2016,June,Leitrim,New Irish Registrations,Non electric,5
2016,July,Leitrim,New Irish Registrations,Non electric,120
2016,August,Leitrim,New Irish Registrations,Non electric,34
2016,September,Leitrim,New Irish Registrations,Non electric,22
2016,October,Leitrim,New Irish Registrations,Non electric,8
2016,November,Leitrim,New Irish Registrations,Non electric,2
2016,December,Leitrim,New Irish Registrations,Non electric,1
2016,February,Leitrim,New Imports,Non electric,1
2016,March,Leitrim,New Imports,Non electric,1
2016,October,Leitrim,New Imports,Non electric,1
2016,January,Leitrim,Used Imports,Non electric,46
2016,February,Leitrim,Used Imports,Non electric,44
2016,March,Leitrim,Used Imports,Non electric,52
2016,April,Leitrim,Used Imports,Non electric,78
2016,May,Leitrim,Used Imports,Non electric,71
2016,June,Leitrim,Used Imports,Non electric,57
2016,July,Leitrim,Used Imports,Non electric,64
2016,August,Leitrim,Used Imports,Non electric,83
2016,September,Leitrim,Used Imports,Non electric,81
2016,October,Leitrim,Used Imports,Non electric,76
2016,November,Leitrim,Used Imports,Non electric,79
2016,December,Leitrim,Used Imports,Non electric,44
2016,July,Leitrim,New Irish Registrations,Electric,1
2016,October,Leitrim,New Irish Registrations,Electric,1
2016,November,Leitrim,Used Imports,Electric,1
2016,January,Leitrim,New Irish Registrations,Hybrid,2
2016,February,Leitrim,New Irish Registrations,Hybrid,1
2016,March,Leitrim,New Irish Registrations,Hybrid,1
2016,May,Leitrim,New Irish Registrations,Hybrid,1
2016,June,Leitrim,New Irish Registrations,Hybrid,1
2016,July,Leitrim,New Irish Registrations,Hybrid,1
2016,August,Leitrim,New Irish Registrations,Hybrid,1
2016,January,Mayo,New Irish Registrations,Non electric,789
2016,February,Mayo,New Irish Registrations,Non electric,426
2016,March,Mayo,New Irish Registrations,Non electric,439
2016,April,Mayo,New Irish Registrations,Non electric,175
2016,May,Mayo,New Irish Registrations,Non electric,91
2016,June,Mayo,New Irish Registrations,Non electric,26
2016,July,Mayo,New Irish Registrations,Non electric,535
2016,August,Mayo,New Irish Registrations,Non electric,140
2016,September,Mayo,New Irish Registrations,Non electric,90
2016,October,Mayo,New Irish Registrations,Non electric,39
2016,November,Mayo,New Irish Registrations,Non electric,7
2016,December,Mayo,New Irish Registrations,Non electric,4
2016,January,Mayo,New Imports,Non electric,1
2016,March,Mayo,New Imports,Non electric,1
2016,August,Mayo,New Imports,Non electric,1
2016,January,Mayo,Used Imports,Non electric,167
2016,February,Mayo,Used Imports,Non electric,196
2016,March,Mayo,Used Imports,Non electric,196
2016,April,Mayo,Used Imports,Non electric,227
2016,May,Mayo,Used Imports,Non electric,198
2016,June,Mayo,Used Imports,Non electric,210
2016,July,Mayo,Used Imports,Non electric,187
2016,August,Mayo,Used Imports,Non electric,225
2016,September,Mayo,Used Imports,Non electric,249
2016,October,Mayo,Used Imports,Non electric,259
2016,November,Mayo,Used Imports,Non electric,266
2016,December,Mayo,Used Imports,Non electric,177
2016,February,Mayo,New Irish Registrations,Electric,1
2016,March,Mayo,New Irish Registrations,Electric,1
2016,May,Mayo,New Irish Registrations,Electric,1
2016,July,Mayo,New Irish Registrations,Electric,1
2016,November,Mayo,New Irish Registrations,Electric,1
2016,April,Mayo,Used Imports,Electric,1
2016,September,Mayo,Used Imports,Electric,1
2016,January,Mayo,New Irish Registrations,Hybrid,4
2016,February,Mayo,New Irish Registrations,Hybrid,4
2016,March,Mayo,New Irish Registrations,Hybrid,11
2016,April,Mayo,New Irish Registrations,Hybrid,5
2016,May,Mayo,New Irish Registrations,Hybrid,2
2016,July,Mayo,New Irish Registrations,Hybrid,16
2016,August,Mayo,New Irish Registrations,Hybrid,1
2016,November,Mayo,New Irish Registrations,Hybrid,3
2016,December,Mayo,New Irish Registrations,Hybrid,1
2016,January,Mayo,Used Imports,Hybrid,1
2016,March,Mayo,Used Imports,Hybrid,4
2016,April,Mayo,Used Imports,Hybrid,1
2016,May,Mayo,Used Imports,Hybrid,1
2016,August,Mayo,Used Imports,Hybrid,1
2016,October,Mayo,Used Imports,Hybrid,2
2016,November,Mayo,Used Imports,Hybrid,5
2016,January,Roscommon,New Irish Registrations,Non electric,419
2016,February,Roscommon,New Irish Registrations,Non electric,246
2016,March,Roscommon,New Irish Registrations,Non electric,198
2016,April,Roscommon,New Irish Registrations,Non electric,81
2016,May,Roscommon,New Irish Registrations,Non electric,49
2016,June,Roscommon,New Irish Registrations,Non electric,15
2016,July,Roscommon,New Irish Registrations,Non electric,247
2016,August,Roscommon,New Irish Registrations,Non electric,78
2016,September,Roscommon,New Irish Registrations,Non electric,41
2016,October,Roscommon,New Irish Registrations,Non electric,16
2016,November,Roscommon,New Irish Registrations,Non electric,7
2016,December,Roscommon,New Irish Registrations,Non electric,2
2016,January,Roscommon,New Imports,Non electric,2
2016,January,Roscommon,Used Imports,Non electric,71
2016,February,Roscommon,Used Imports,Non electric,71
2016,March,Roscommon,Used Imports,Non electric,103
2016,April,Roscommon,Used Imports,Non electric,99
2016,May,Roscommon,Used Imports,Non electric,99
2016,June,Roscommon,Used Imports,Non electric,95
2016,July,Roscommon,Used Imports,Non electric,89
2016,August,Roscommon,Used Imports,Non electric,115
2016,September,Roscommon,Used Imports,Non electric,116
2016,October,Roscommon,Used Imports,Non electric,123
2016,November,Roscommon,Used Imports,Non electric,129
2016,December,Roscommon,Used Imports,Non electric,87
2016,February,Roscommon,New Irish Registrations,Electric,1
2016,April,Roscommon,Used Imports,Electric,1
2016,May,Roscommon,Used Imports,Electric,1
2016,October,Roscommon,Used Imports,Electric,1
2016,January,Roscommon,New Irish Registrations,Hybrid,3
2016,February,Roscommon,New Irish Registrations,Hybrid,4
2016,March,Roscommon,New Irish Registrations,Hybrid,2
2016,April,Roscommon,New Irish Registrations,Hybrid,2
2016,May,Roscommon,New Irish Registrations,Hybrid,1
2016,July,Roscommon,New Irish Registrations,Hybrid,1
2016,August,Roscommon,New Irish Registrations,Hybrid,3
2016,October,Roscommon,New Irish Registrations,Hybrid,1
2016,November,Roscommon,New Irish Registrations,Hybrid,1
2016,January,Roscommon,Used Imports,Hybrid,3
2016,March,Roscommon,Used Imports,Hybrid,1
2016,June,Roscommon,Used Imports,Hybrid,1
2016,August,Roscommon,Used Imports,Hybrid,1
2016,January,Sligo,New Irish Registrations,Non electric,409
2016,February,Sligo,New Irish Registrations,Non electric,220
2016,March,Sligo,New Irish Registrations,Non electric,151
2016,April,Sligo,New Irish Registrations,Non electric,90
2016,May,Sligo,New Irish Registrations,Non electric,47
2016,June,Sligo,New Irish Registrations,Non electric,11
2016,July,Sligo,New Irish Registrations,Non electric,231
2016,August,Sligo,New Irish Registrations,Non electric,65
2016,September,Sligo,New Irish Registrations,Non electric,47
2016,October,Sligo,New Irish Registrations,Non electric,9
2016,November,Sligo,New Irish Registrations,Non electric,3
2016,December,Sligo,New Irish Registrations,Non electric,1
2016,January,Sligo,Used Imports,Non electric,70
2016,February,Sligo,Used Imports,Non electric,84
2016,March,Sligo,Used Imports,Non electric,87
2016,April,Sligo,Used Imports,Non electric,93
2016,May,Sligo,Used Imports,Non electric,96
2016,June,Sligo,Used Imports,Non electric,88
2016,July,Sligo,Used Imports,Non electric,97
2016,August,Sligo,Used Imports,Non electric,126
2016,September,Sligo,Used Imports,Non electric,116
2016,October,Sligo,Used Imports,Non electric,121
2016,November,Sligo,Used Imports,Non electric,129
2016,December,Sligo,Used Imports,Non electric,82
2016,January,Sligo,New Irish Registrations,Electric,1
2016,February,Sligo,New Irish Registrations,Electric,2
2016,March,Sligo,New Irish Registrations,Electric,1
2016,October,Sligo,New Irish Registrations,Electric,1
2016,May,Sligo,Used Imports,Electric,1
2016,January,Sligo,New Irish Registrations,Hybrid,5
2016,February,Sligo,New Irish Registrations,Hybrid,2
2016,March,Sligo,New Irish Registrations,Hybrid,5
2016,April,Sligo,New Irish Registrations,Hybrid,2
2016,May,Sligo,New Irish Registrations,Hybrid,3
2016,June,Sligo,New Irish Registrations,Hybrid,2
2016,July,Sligo,New Irish Registrations,Hybrid,4
2016,August,Sligo,New Irish Registrations,Hybrid,5
2016,January,Sligo,Used Imports,Hybrid,1
2016,February,Sligo,Used Imports,Hybrid,1
2016,March,Sligo,Used Imports,Hybrid,1
2016,July,Sligo,Used Imports,Hybrid,1
2016,September,Sligo,Used Imports,Hybrid,1
2016,October,Sligo,Used Imports,Hybrid,2
2016,November,Sligo,Used Imports,Hybrid,1
2016,January,Carlow,New Irish Registrations,Non electric,543
2016,February,Carlow,New Irish Registrations,Non electric,283
2016,March,Carlow,New Irish Registrations,Non electric,243
2016,April,Carlow,New Irish Registrations,Non electric,88
2016,May,Carlow,New Irish Registrations,Non electric,45
2016,June,Carlow,New Irish Registrations,Non electric,7
2016,July,Carlow,New Irish Registrations,Non electric,383
2016,August,Carlow,New Irish Registrations,Non electric,72
2016,September,Carlow,New Irish Registrations,Non electric,48
2016,October,Carlow,New Irish Registrations,Non electric,20
2016,November,Carlow,New Irish Registrations,Non electric,4
2016,December,Carlow,New Irish Registrations,Non electric,5
2016,February,Carlow,New Imports,Non electric,1
2016,April,Carlow,New Imports,Non electric,2
2016,January,Carlow,Used Imports,Non electric,34
2016,February,Carlow,Used Imports,Non electric,51
2016,March,Carlow,Used Imports,Non electric,33
2016,April,Carlow,Used Imports,Non electric,54
2016,May,Carlow,Used Imports,Non electric,42
2016,June,Carlow,Used Imports,Non electric,50
2016,July,Carlow,Used Imports,Non electric,53
2016,August,Carlow,Used Imports,Non electric,60
2016,September,Carlow,Used Imports,Non electric,58
2016,October,Carlow,Used Imports,Non electric,69
2016,November,Carlow,Used Imports,Non electric,82
2016,December,Carlow,Used Imports,Non electric,43
2016,April,Carlow,New Irish Registrations,Electric,1
2016,August,Carlow,New Irish Registrations,Electric,1
2016,November,Carlow,Used Imports,Electric,1
2016,January,Carlow,New Irish Registrations,Hybrid,2
2016,February,Carlow,New Irish Registrations,Hybrid,1
2016,March,Carlow,New Irish Registrations,Hybrid,3
2016,April,Carlow,New Irish Registrations,Hybrid,1
2016,June,Carlow,New Irish Registrations,Hybrid,1
2016,July,Carlow,New Irish Registrations,Hybrid,6
2016,November,Carlow,New Irish Registrations,Hybrid,1
2016,February,Carlow,Used Imports,Hybrid,2
2016,April,Carlow,Used Imports,Hybrid,1
2016,May,Carlow,Used Imports,Hybrid,1
2016,June,Carlow,Used Imports,Hybrid,2
2016,July,Carlow,Used Imports,Hybrid,1
2016,November,Carlow,Used Imports,Hybrid,1
2016,February,Dublin,New Irish Registrations,Non electric,2
2016,April,Dublin,New Irish Registrations,Non electric,1
2016,May,Dublin,New Irish Registrations,Non electric,1
2016,June,Dublin,New Irish Registrations,Non electric,2
2016,July,Dublin,New Irish Registrations,Non electric,1
2016,November,Dublin,New Irish Registrations,Non electric,1
2016,December,Dublin,New Irish Registrations,Non electric,312
2016,January,Dublin,New Imports,Non electric,"12,973"
2016,February,Dublin,New Imports,Non electric,"7,636"
2016,March,Dublin,New Imports,Non electric,"8,725"
2016,April,Dublin,New Imports,Non electric,"4,593"
2016,May,Dublin,New Imports,Non electric,"3,163"
2016,June,Dublin,New Imports,Non electric,702
2016,July,Dublin,New Imports,Non electric,"12,040"
2016,August,Dublin,New Imports,Non electric,"2,954"
2016,September,Dublin,New Imports,Non electric,1
2016,January,Dublin,Used Imports,Non electric,"1,195"
2016,February,Dublin,Used Imports,Non electric,"1,349"
2016,March,Dublin,Used Imports,Non electric,"1,327"
2016,April,Dublin,Used Imports,Non electric,"1,413"
2016,May,Dublin,Used Imports,Non electric,"1,397"
2016,June,Dublin,Used Imports,Non electric,"1,326"
2016,July,Dublin,Used Imports,Non electric,"1,404"
2016,August,Dublin,Used Imports,Non electric,"1,565"
2016,September,Dublin,Used Imports,Non electric,"1,742"
2016,October,Dublin,Used Imports,Non electric,"1,671"
2016,November,Dublin,Used Imports,Non electric,"1,913"
2016,December,Dublin,Used Imports,Non electric,"1,458"
2016,January,Dublin,New Irish Registrations,Electric,19
2016,February,Dublin,New Irish Registrations,Electric,47
2016,March,Dublin,New Irish Registrations,Electric,27
2016,April,Dublin,New Irish Registrations,Electric,8
2016,May,Dublin,New Irish Registrations,Electric,5
2016,June,Dublin,New Irish Registrations,Electric,1
2016,July,Dublin,New Irish Registrations,Electric,17
2016,August,Dublin,New Irish Registrations,Electric,5
2016,September,Dublin,New Irish Registrations,Electric,3
2016,October,Dublin,New Irish Registrations,Electric,3
2016,November,Dublin,New Irish Registrations,Electric,5
2016,January,Dublin,New Imports,Electric,2
2016,February,Dublin,New Imports,Electric,1
2016,May,Dublin,New Imports,Electric,1
2016,June,Dublin,New Imports,Electric,1
2016,October,Dublin,New Imports,Electric,1
2016,January,Dublin,Used Imports,Electric,1
2016,February,Dublin,Used Imports,Electric,2
2016,March,Dublin,Used Imports,Electric,4
2016,April,Dublin,Used Imports,Electric,6
2016,May,Dublin,Used Imports,Electric,4
2016,June,Dublin,Used Imports,Electric,8
2016,July,Dublin,Used Imports,Electric,10
2016,August,Dublin,Used Imports,Electric,3
2016,September,Dublin,Used Imports,Electric,13
2016,October,Dublin,Used Imports,Electric,9
2016,November,Dublin,Used Imports,Electric,8
2016,December,Dublin,Used Imports,Electric,6
2016,January,Dublin,New Irish Registrations,Hybrid,300
2016,February,Dublin,New Irish Registrations,Hybrid,160
2016,March,Dublin,New Irish Registrations,Hybrid,223
2016,April,Dublin,New Irish Registrations,Hybrid,140
2016,May,Dublin,New Irish Registrations,Hybrid,72
2016,June,Dublin,New Irish Registrations,Hybrid,26
2016,July,Dublin,New Irish Registrations,Hybrid,352
2016,August,Dublin,New Irish Registrations,Hybrid,93
2016,September,Dublin,New Irish Registrations,Hybrid,60
2016,October,Dublin,New Irish Registrations,Hybrid,28
2016,November,Dublin,New Irish Registrations,Hybrid,23
2016,December,Dublin,New Irish Registrations,Hybrid,3
2016,January,Dublin,New Imports,Hybrid,1
2016,January,Dublin,Used Imports,Hybrid,67
2016,February,Dublin,Used Imports,Hybrid,52
2016,March,Dublin,Used Imports,Hybrid,66
2016,April,Dublin,Used Imports,Hybrid,74
2016,May,Dublin,Used Imports,Hybrid,96
2016,June,Dublin,Used Imports,Hybrid,77
2016,July,Dublin,Used Imports,Hybrid,78
2016,August,Dublin,Used Imports,Hybrid,82
2016,September,Dublin,Used Imports,Hybrid,81
2016,October,Dublin,Used Imports,Hybrid,99
2016,November,Dublin,Used Imports,Hybrid,115
2016,December,Dublin,Used Imports,Hybrid,79
2016,January,Kildare,New Irish Registrations,Non electric,"1,838"
2016,February,Kildare,New Irish Registrations,Non electric,897
2016,March,Kildare,New Irish Registrations,Non electric,657
2016,April,Kildare,New Irish Registrations,Non electric,390
2016,May,Kildare,New Irish Registrations,Non electric,225
2016,June,Kildare,New Irish Registrations,Non electric,60
2016,July,Kildare,New Irish Registrations,Non electric,"1,226"
2016,August,Kildare,New Irish Registrations,Non electric,311
2016,September,Kildare,New Irish Registrations,Non electric,218
2016,October,Kildare,New Irish Registrations,Non electric,82
2016,November,Kildare,New Irish Registrations,Non electric,22
2016,December,Kildare,New Irish Registrations,Non electric,8
2016,May,Kildare,New Imports,Non electric,1
2016,July,Kildare,New Imports,Non electric,1
2016,January,Kildare,Used Imports,Non electric,192
2016,February,Kildare,Used Imports,Non electric,212
2016,March,Kildare,Used Imports,Non electric,249
2016,April,Kildare,Used Imports,Non electric,231
2016,May,Kildare,Used Imports,Non electric,218
2016,June,Kildare,Used Imports,Non electric,192
2016,July,Kildare,Used Imports,Non electric,217
2016,August,Kildare,Used Imports,Non electric,264
2016,September,Kildare,Used Imports,Non electric,268
2016,October,Kildare,Used Imports,Non electric,305
2016,November,Kildare,Used Imports,Non electric,365
2016,December,Kildare,Used Imports,Non electric,209
2016,January,Kildare,New Irish Registrations,Electric,1
2016,February,Kildare,New Irish Registrations,Electric,10
2016,March,Kildare,New Irish Registrations,Electric,1
2016,April,Kildare,New Irish Registrations,Electric,1
2016,May,Kildare,New Irish Registrations,Electric,2
2016,July,Kildare,New Irish Registrations,Electric,3
2016,August,Kildare,New Irish Registrations,Electric,1
2016,September,Kildare,New Irish Registrations,Electric,1
2016,November,Kildare,New Irish Registrations,Electric,1
2016,January,Kildare,Used Imports,Electric,1
2016,March,Kildare,Used Imports,Electric,3
2016,April,Kildare,Used Imports,Electric,3
2016,May,Kildare,Used Imports,Electric,2
2016,June,Kildare,Used Imports,Electric,1
2016,July,Kildare,Used Imports,Electric,4
2016,August,Kildare,Used Imports,Electric,5
2016,September,Kildare,Used Imports,Electric,2
2016,October,Kildare,Used Imports,Electric,3
2016,November,Kildare,Used Imports,Electric,3
2016,December,Kildare,Used Imports,Electric,6
2016,January,Kildare,New Irish Registrations,Hybrid,20
2016,February,Kildare,New Irish Registrations,Hybrid,7
2016,March,Kildare,New Irish Registrations,Hybrid,16
2016,April,Kildare,New Irish Registrations,Hybrid,8
2016,May,Kildare,New Irish Registrations,Hybrid,2
2016,June,Kildare,New Irish Registrations,Hybrid,4
2016,July,Kildare,New Irish Registrations,Hybrid,22
2016,August,Kildare,New Irish Registrations,Hybrid,6
2016,October,Kildare,New Irish Registrations,Hybrid,2
2016,November,Kildare,New Irish Registrations,Hybrid,2
2016,January,Kildare,Used Imports,Hybrid,3
2016,February,Kildare,Used Imports,Hybrid,3
2016,April,Kildare,Used Imports,Hybrid,3
2016,May,Kildare,Used Imports,Hybrid,1
2016,June,Kildare,Used Imports,Hybrid,6
2016,July,Kildare,Used Imports,Hybrid,8
2016,August,Kildare,Used Imports,Hybrid,7
2016,September,Kildare,Used Imports,Hybrid,5
2016,October,Kildare,Used Imports,Hybrid,6
2016,November,Kildare,Used Imports,Hybrid,3
2016,December,Kildare,Used Imports,Hybrid,9
2016,January,Kilkenny,New Irish Registrations,Non electric,909
2016,February,Kilkenny,New Irish Registrations,Non electric,389
2016,March,Kilkenny,New Irish Registrations,Non electric,395
2016,April,Kilkenny,New Irish Registrations,Non electric,177
2016,May,Kilkenny,New Irish Registrations,Non electric,80
2016,June,Kilkenny,New Irish Registrations,Non electric,32
2016,July,Kilkenny,New Irish Registrations,Non electric,542
2016,August,Kilkenny,New Irish Registrations,Non electric,137
2016,September,Kilkenny,New Irish Registrations,Non electric,82
2016,October,Kilkenny,New Irish Registrations,Non electric,27
2016,November,Kilkenny,New Irish Registrations,Non electric,8
2016,December,Kilkenny,New Irish Registrations,Non electric,2
2016,March,Kilkenny,New Imports,Non electric,1
2016,April,Kilkenny,New Imports,Non electric,3
2016,July,Kilkenny,New Imports,Non electric,1
2016,August,Kilkenny,New Imports,Non electric,2
2016,January,Kilkenny,Used Imports,Non electric,63
2016,February,Kilkenny,Used Imports,Non electric,79
2016,March,Kilkenny,Used Imports,Non electric,81
2016,April,Kilkenny,Used Imports,Non electric,76
2016,May,Kilkenny,Used Imports,Non electric,86
2016,June,Kilkenny,Used Imports,Non electric,95
2016,July,Kilkenny,Used Imports,Non electric,84
2016,August,Kilkenny,Used Imports,Non electric,102
2016,September,Kilkenny,Used Imports,Non electric,125
2016,October,Kilkenny,Used Imports,Non electric,105
2016,November,Kilkenny,Used Imports,Non electric,134
2016,December,Kilkenny,Used Imports,Non electric,109
2016,January,Kilkenny,New Irish Registrations,Electric,1
2016,March,Kilkenny,New Irish Registrations,Electric,5
2016,June,Kilkenny,New Irish Registrations,Electric,1
2016,July,Kilkenny,New Irish Registrations,Electric,1
2016,July,Kilkenny,Used Imports,Electric,1
2016,October,Kilkenny,Used Imports,Electric,1
2016,November,Kilkenny,Used Imports,Electric,1
2016,January,Kilkenny,New Irish Registrations,Hybrid,6
2016,February,Kilkenny,New Irish Registrations,Hybrid,2
2016,March,Kilkenny,New Irish Registrations,Hybrid,6
2016,May,Kilkenny,New Irish Registrations,Hybrid,1
2016,June,Kilkenny,New Irish Registrations,Hybrid,1
2016,July,Kilkenny,New Irish Registrations,Hybrid,8
2016,August,Kilkenny,New Irish Registrations,Hybrid,2
2016,September,Kilkenny,New Irish Registrations,Hybrid,1
2016,November,Kilkenny,New Irish Registrations,Hybrid,1
2016,February,Kilkenny,Used Imports,Hybrid,2
2016,March,Kilkenny,Used Imports,Hybrid,1
2016,May,Kilkenny,Used Imports,Hybrid,1
2016,June,Kilkenny,Used Imports,Hybrid,1
2016,August,Kilkenny,Used Imports,Hybrid,3
2016,September,Kilkenny,Used Imports,Hybrid,1
2016,October,Kilkenny,Used Imports,Hybrid,1
2016,November,Kilkenny,Used Imports,Hybrid,1
2016,December,Kilkenny,Used Imports,Hybrid,2
2016,January,Longford,New Irish Registrations,Non electric,224
2016,February,Longford,New Irish Registrations,Non electric,108
2016,March,Longford,New Irish Registrations,Non electric,97
2016,April,Longford,New Irish Registrations,Non electric,37
2016,May,Longford,New Irish Registrations,Non electric,19
2016,June,Longford,New Irish Registrations,Non electric,19
2016,July,Longford,New Irish Registrations,Non electric,131
2016,August,Longford,New Irish Registrations,Non electric,36
2016,September,Longford,New Irish Registrations,Non electric,28
2016,October,Longford,New Irish Registrations,Non electric,6
2016,November,Longford,New Irish Registrations,Non electric,5
2016,December,Longford,New Irish Registrations,Non electric,1
2016,January,Longford,Used Imports,Non electric,60
2016,February,Longford,Used Imports,Non electric,79
2016,March,Longford,Used Imports,Non electric,75
2016,April,Longford,Used Imports,Non electric,78
2016,May,Longford,Used Imports,Non electric,69
2016,June,Longford,Used Imports,Non electric,75
2016,July,Longford,Used Imports,Non electric,68
2016,August,Longford,Used Imports,Non electric,79
2016,September,Longford,Used Imports,Non electric,69
2016,October,Longford,Used Imports,Non electric,80
2016,November,Longford,Used Imports,Non electric,119
2016,December,Longford,Used Imports,Non electric,65
2016,January,Longford,New Irish Registrations,Hybrid,5
2016,February,Longford,New Irish Registrations,Hybrid,3
2016,March,Longford,New Irish Registrations,Hybrid,3
2016,June,Longford,New Irish Registrations,Hybrid,1
2016,July,Longford,New Irish Registrations,Hybrid,3
2016,November,Longford,New Irish Registrations,Hybrid,1
2016,March,Longford,Used Imports,Hybrid,1
2016,April,Longford,Used Imports,Hybrid,1
2016,May,Longford,Used Imports,Hybrid,2
2016,August,Longford,Used Imports,Hybrid,1
2016,November,Longford,Used Imports,Hybrid,1
2016,January,Louth,New Irish Registrations,Non electric,964
2016,February,Louth,New Irish Registrations,Non electric,534
2016,March,Louth,New Irish Registrations,Non electric,404
2016,April,Louth,New Irish Registrations,Non electric,212
2016,May,Louth,New Irish Registrations,Non electric,117
2016,June,Louth,New Irish Registrations,Non electric,39
2016,July,Louth,New Irish Registrations,Non electric,583
2016,August,Louth,New Irish Registrations,Non electric,150
2016,September,Louth,New Irish Registrations,Non electric,64
2016,October,Louth,New Irish Registrations,Non electric,24
2016,November,Louth,New Irish Registrations,Non electric,10
2016,December,Louth,New Irish Registrations,Non electric,4
2016,February,Louth,New Imports,Non electric,1
2016,May,Louth,New Imports,Non electric,1
2016,January,Louth,Used Imports,Non electric,168
2016,February,Louth,Used Imports,Non electric,216
2016,March,Louth,Used Imports,Non electric,189
2016,April,Louth,Used Imports,Non electric,202
2016,May,Louth,Used Imports,Non electric,206
2016,June,Louth,Used Imports,Non electric,207
2016,July,Louth,Used Imports,Non electric,202
2016,August,Louth,Used Imports,Non electric,248
2016,September,Louth,Used Imports,Non electric,263
2016,October,Louth,Used Imports,Non electric,282
2016,November,Louth,Used Imports,Non electric,289
2016,December,Louth,Used Imports,Non electric,187
2016,January,Louth,New Irish Registrations,Electric,1
2016,February,Louth,New Irish Registrations,Electric,1
2016,March,Louth,New Irish Registrations,Electric,1
2016,August,Louth,New Irish Registrations,Electric,1
2016,January,Louth,Used Imports,Electric,1
2016,May,Louth,Used Imports,Electric,1
2016,July,Louth,Used Imports,Electric,1
2016,September,Louth,Used Imports,Electric,1
2016,October,Louth,Used Imports,Electric,1
2016,December,Louth,Used Imports,Electric,1
2016,January,Louth,New Irish Registrations,Hybrid,14
2016,February,Louth,New Irish Registrations,Hybrid,2
2016,March,Louth,New Irish Registrations,Hybrid,4
2016,May,Louth,New Irish Registrations,Hybrid,1
2016,June,Louth,New Irish Registrations,Hybrid,2
2016,July,Louth,New Irish Registrations,Hybrid,14
2016,August,Louth,New Irish Registrations,Hybrid,1
2016,September,Louth,New Irish Registrations,Hybrid,1
2016,October,Louth,New Irish Registrations,Hybrid,1
2016,November,Louth,New Irish Registrations,Hybrid,2
2016,January,Louth,Used Imports,Hybrid,4
2016,February,Louth,Used Imports,Hybrid,3
2016,March,Louth,Used Imports,Hybrid,3
2016,May,Louth,Used Imports,Hybrid,2
2016,June,Louth,Used Imports,Hybrid,1
2016,July,Louth,Used Imports,Hybrid,1
2016,August,Louth,Used Imports,Hybrid,5
2016,September,Louth,Used Imports,Hybrid,3
2016,October,Louth,Used Imports,Hybrid,3
2016,November,Louth,Used Imports,Hybrid,4
2016,December,Louth,Used Imports,Hybrid,2
2016,January,Laois,New Irish Registrations,Non electric,572
2016,February,Laois,New Irish Registrations,Non electric,287
2016,March,Laois,New Irish Registrations,Non electric,218
2016,April,Laois,New Irish Registrations,Non electric,164
2016,May,Laois,New Irish Registrations,Non electric,54
2016,June,Laois,New Irish Registrations,Non electric,13
2016,July,Laois,New Irish Registrations,Non electric,290
2016,August,Laois,New Irish Registrations,Non electric,77
2016,September,Laois,New Irish Registrations,Non electric,44
2016,October,Laois,New Irish Registrations,Non electric,25
2016,November,Laois,New Irish Registrations,Non electric,7
2016,December,Laois,New Irish Registrations,Non electric,1
2016,September,Laois,New Imports,Non electric,1
2016,January,Laois,Used Imports,Non electric,63
2016,February,Laois,Used Imports,Non electric,91
2016,March,Laois,Used Imports,Non electric,81
2016,April,Laois,Used Imports,Non electric,87
2016,May,Laois,Used Imports,Non electric,88
2016,June,Laois,Used Imports,Non electric,65
2016,July,Laois,Used Imports,Non electric,84
2016,August,Laois,Used Imports,Non electric,101
2016,September,Laois,Used Imports,Non electric,98
2016,October,Laois,Used Imports,Non electric,102
2016,November,Laois,Used Imports,Non electric,107
2016,December,Laois,Used Imports,Non electric,70
2016,January,Laois,New Irish Registrations,Electric,1
2016,February,Laois,New Irish Registrations,Electric,4
2016,July,Laois,New Irish Registrations,Electric,1
2016,July,Laois,Used Imports,Electric,1
2016,August,Laois,Used Imports,Electric,1
2016,January,Laois,New Irish Registrations,Hybrid,6
2016,February,Laois,New Irish Registrations,Hybrid,1
2016,July,Laois,New Irish Registrations,Hybrid,7
2016,August,Laois,New Irish Registrations,Hybrid,1
2016,November,Laois,New Irish Registrations,Hybrid,2
2016,January,Laois,Used Imports,Hybrid,1
2016,February,Laois,Used Imports,Hybrid,2
2016,April,Laois,Used Imports,Hybrid,3
2016,May,Laois,Used Imports,Hybrid,4
2016,June,Laois,Used Imports,Hybrid,3
2016,July,Laois,Used Imports,Hybrid,3
2016,August,Laois,Used Imports,Hybrid,1
2016,September,Laois,Used Imports,Hybrid,2
2016,November,Laois,Used Imports,Hybrid,1
2016,December,Laois,Used Imports,Hybrid,1
2016,January,Meath,New Irish Registrations,Non electric,"1,426"
2016,February,Meath,New Irish Registrations,Non electric,679
2016,March,Meath,New Irish Registrations,Non electric,631
2016,April,Meath,New Irish Registrations,Non electric,279
2016,May,Meath,New Irish Registrations,Non electric,121
2016,June,Meath,New Irish Registrations,Non electric,55
2016,July,Meath,New Irish Registrations,Non electric,908
2016,August,Meath,New Irish Registrations,Non electric,246
2016,September,Meath,New Irish Registrations,Non electric,123
2016,October,Meath,New Irish Registrations,Non electric,65
2016,November,Meath,New Irish Registrations,Non electric,18
2016,December,Meath,New Irish Registrations,Non electric,8
2016,July,Meath,New Imports,Non electric,2
2016,September,Meath,New Imports,Non electric,1
2016,January,Meath,Used Imports,Non electric,162
2016,February,Meath,Used Imports,Non electric,170
2016,March,Meath,Used Imports,Non electric,216
2016,April,Meath,Used Imports,Non electric,213
2016,May,Meath,Used Imports,Non electric,214
2016,June,Meath,Used Imports,Non electric,222
2016,July,Meath,Used Imports,Non electric,241
2016,August,Meath,Used Imports,Non electric,279
2016,September,Meath,Used Imports,Non electric,304
2016,October,Meath,Used Imports,Non electric,305
2016,November,Meath,Used Imports,Non electric,321
2016,December,Meath,Used Imports,Non electric,262
2016,February,Meath,New Irish Registrations,Electric,8
2016,March,Meath,New Irish Registrations,Electric,5
2016,April,Meath,New Irish Registrations,Electric,1
2016,July,Meath,New Irish Registrations,Electric,3
2016,August,Meath,New Irish Registrations,Electric,1
2016,September,Meath,New Irish Registrations,Electric,1
2016,October,Meath,New Irish Registrations,Electric,2
2016,January,Meath,Used Imports,Electric,1
2016,April,Meath,Used Imports,Electric,1
2016,June,Meath,Used Imports,Electric,1
2016,July,Meath,Used Imports,Electric,1
2016,September,Meath,Used Imports,Electric,1
2016,October,Meath,Used Imports,Electric,1
2016,November,Meath,Used Imports,Electric,1
2016,December,Meath,Used Imports,Electric,1
2016,January,Meath,New Irish Registrations,Hybrid,16
2016,February,Meath,New Irish Registrations,Hybrid,8
2016,March,Meath,New Irish Registrations,Hybrid,12
2016,April,Meath,New Irish Registrations,Hybrid,4
2016,May,Meath,New Irish Registrations,Hybrid,1
2016,July,Meath,New Irish Registrations,Hybrid,20
2016,August,Meath,New Irish Registrations,Hybrid,6
2016,September,Meath,New Irish Registrations,Hybrid,3
2016,November,Meath,New Irish Registrations,Hybrid,4
2016,January,Meath,Used Imports,Hybrid,4
2016,February,Meath,Used Imports,Hybrid,3
2016,March,Meath,Used Imports,Hybrid,1
2016,April,Meath,Used Imports,Hybrid,3
2016,May,Meath,Used Imports,Hybrid,7
2016,June,Meath,Used Imports,Hybrid,3
2016,July,Meath,Used Imports,Hybrid,1
2016,August,Meath,Used Imports,Hybrid,4
2016,September,Meath,Used Imports,Hybrid,5
2016,October,Meath,Used Imports,Hybrid,4
2016,November,Meath,Used Imports,Hybrid,4
2016,December,Meath,Used Imports,Hybrid,5
2016,January,Offaly,New Irish Registrations,Non electric,564
2016,February,Offaly,New Irish Registrations,Non electric,313
2016,March,Offaly,New Irish Registrations,Non electric,256
2016,April,Offaly,New Irish Registrations,Non electric,103
2016,May,Offaly,New Irish Registrations,Non electric,65
2016,June,Offaly,New Irish Registrations,Non electric,23
2016,July,Offaly,New Irish Registrations,Non electric,385
2016,August,Offaly,New Irish Registrations,Non electric,76
2016,September,Offaly,New Irish Registrations,Non electric,39
2016,October,Offaly,New Irish Registrations,Non electric,26
2016,November,Offaly,New Irish Registrations,Non electric,3
2016,December,Offaly,New Irish Registrations,Non electric,3
2016,January,Offaly,Used Imports,Non electric,75
2016,February,Offaly,Used Imports,Non electric,55
2016,March,Offaly,Used Imports,Non electric,65
2016,April,Offaly,Used Imports,Non electric,72
2016,May,Offaly,Used Imports,Non electric,76
2016,June,Offaly,Used Imports,Non electric,63
2016,July,Offaly,Used Imports,Non electric,61
2016,August,Offaly,Used Imports,Non electric,89
2016,September,Offaly,Used Imports,Non electric,82
2016,October,Offaly,Used Imports,Non electric,98
2016,November,Offaly,Used Imports,Non electric,114
2016,December,Offaly,Used Imports,Non electric,72
2016,January,Offaly,New Irish Registrations,Electric,1
2016,February,Offaly,New Irish Registrations,Electric,1
2016,July,Offaly,New Irish Registrations,Electric,1
2016,July,Offaly,Used Imports,Electric,1
2016,January,Offaly,New Irish Registrations,Hybrid,7
2016,February,Offaly,New Irish Registrations,Hybrid,2
2016,March,Offaly,New Irish Registrations,Hybrid,3
2016,April,Offaly,New Irish Registrations,Hybrid,1
2016,July,Offaly,New Irish Registrations,Hybrid,8
2016,August,Offaly,New Irish Registrations,Hybrid,1
2016,September,Offaly,New Irish Registrations,Hybrid,1
2016,November,Offaly,New Irish Registrations,Hybrid,1
2016,January,Offaly,Used Imports,Hybrid,1
2016,March,Offaly,Used Imports,Hybrid,2
2016,June,Offaly,Used Imports,Hybrid,2
2016,September,Offaly,Used Imports,Hybrid,1
2016,October,Offaly,Used Imports,Hybrid,2
2016,November,Offaly,Used Imports,Hybrid,1
2016,January,Westmeath,New Irish Registrations,Non electric,646
2016,February,Westmeath,New Irish Registrations,Non electric,357
2016,March,Westmeath,New Irish Registrations,Non electric,309
2016,April,Westmeath,New Irish Registrations,Non electric,118
2016,May,Westmeath,New Irish Registrations,Non electric,66
2016,June,Westmeath,New Irish Registrations,Non electric,16
2016,July,Westmeath,New Irish Registrations,Non electric,431
2016,August,Westmeath,New Irish Registrations,Non electric,101
2016,September,Westmeath,New Irish Registrations,Non electric,75
2016,October,Westmeath,New Irish Registrations,Non electric,28
2016,November,Westmeath,New Irish Registrations,Non electric,6
2016,December,Westmeath,New Irish Registrations,Non electric,5
2016,August,Westmeath,New Imports,Non electric,1
2016,January,Westmeath,Used Imports,Non electric,86
2016,February,Westmeath,Used Imports,Non electric,90
2016,March,Westmeath,Used Imports,Non electric,106
2016,April,Westmeath,Used Imports,Non electric,114
2016,May,Westmeath,Used Imports,Non electric,83
2016,June,Westmeath,Used Imports,Non electric,109
2016,July,Westmeath,Used Imports,Non electric,90
2016,August,Westmeath,Used Imports,Non electric,134
2016,September,Westmeath,Used Imports,Non electric,125
2016,October,Westmeath,Used Imports,Non electric,122
2016,November,Westmeath,Used Imports,Non electric,167
2016,December,Westmeath,Used Imports,Non electric,106
2016,February,Westmeath,New Irish Registrations,Electric,3
2016,July,Westmeath,New Irish Registrations,Electric,3
2016,August,Westmeath,New Irish Registrations,Electric,1
2016,September,Westmeath,Used Imports,Electric,1
2016,November,Westmeath,Used Imports,Electric,1
2016,January,Westmeath,New Irish Registrations,Hybrid,13
2016,February,Westmeath,New Irish Registrations,Hybrid,4
2016,March,Westmeath,New Irish Registrations,Hybrid,3
2016,April,Westmeath,New Irish Registrations,Hybrid,3
2016,May,Westmeath,New Irish Registrations,Hybrid,1
2016,July,Westmeath,New Irish Registrations,Hybrid,14
2016,August,Westmeath,New Irish Registrations,Hybrid,3
2016,October,Westmeath,New Irish Registrations,Hybrid,1
2016,November,Westmeath,New Irish Registrations,Hybrid,1
2016,December,Westmeath,New Irish Registrations,Hybrid,1
2016,April,Westmeath,Used Imports,Hybrid,2
2016,May,Westmeath,Used Imports,Hybrid,1
2016,August,Westmeath,Used Imports,Hybrid,1
2016,September,Westmeath,Used Imports,Hybrid,1
2016,October,Westmeath,Used Imports,Hybrid,1
2016,November,Westmeath,Used Imports,Hybrid,6
2016,December,Westmeath,Used Imports,Hybrid,1
2016,January,Wicklow,New Irish Registrations,Non electric,956
2016,February,Wicklow,New Irish Registrations,Non electric,442
2016,March,Wicklow,New Irish Registrations,Non electric,443
2016,April,Wicklow,New Irish Registrations,Non electric,210
2016,May,Wicklow,New Irish Registrations,Non electric,118
2016,June,Wicklow,New Irish Registrations,Non electric,23
2016,July,Wicklow,New Irish Registrations,Non electric,566
2016,August,Wicklow,New Irish Registrations,Non electric,164
2016,September,Wicklow,New Irish Registrations,Non electric,119
2016,October,Wicklow,New Irish Registrations,Non electric,49
2016,November,Wicklow,New Irish Registrations,Non electric,14
2016,December,Wicklow,New Irish Registrations,Non electric,4
2016,February,Wicklow,New Imports,Non electric,1
2016,October,Wicklow,New Imports,Non electric,1
2016,January,Wicklow,Used Imports,Non electric,83
2016,February,Wicklow,Used Imports,Non electric,117
2016,March,Wicklow,Used Imports,Non electric,109
2016,April,Wicklow,Used Imports,Non electric,102
2016,May,Wicklow,Used Imports,Non electric,118
2016,June,Wicklow,Used Imports,Non electric,100
2016,July,Wicklow,Used Imports,Non electric,100
2016,August,Wicklow,Used Imports,Non electric,109
2016,September,Wicklow,Used Imports,Non electric,164
2016,October,Wicklow,Used Imports,Non electric,170
2016,November,Wicklow,Used Imports,Non electric,169
2016,December,Wicklow,Used Imports,Non electric,144
2016,January,Wicklow,New Irish Registrations,Electric,3
2016,February,Wicklow,New Irish Registrations,Electric,10
2016,March,Wicklow,New Irish Registrations,Electric,3
2016,April,Wicklow,New Irish Registrations,Electric,1
2016,July,Wicklow,New Irish Registrations,Electric,3
2016,September,Wicklow,New Irish Registrations,Electric,1
2016,April,Wicklow,Used Imports,Electric,1
2016,May,Wicklow,Used Imports,Electric,3
2016,August,Wicklow,Used Imports,Electric,1
2016,September,Wicklow,Used Imports,Electric,1
2016,October,Wicklow,Used Imports,Electric,1
2016,November,Wicklow,Used Imports,Electric,1
2016,December,Wicklow,Used Imports,Electric,1
2016,January,Wicklow,New Irish Registrations,Hybrid,18
2016,February,Wicklow,New Irish Registrations,Hybrid,12
2016,March,Wicklow,New Irish Registrations,Hybrid,20
2016,April,Wicklow,New Irish Registrations,Hybrid,4
2016,May,Wicklow,New Irish Registrations,Hybrid,3
2016,June,Wicklow,New Irish Registrations,Hybrid,1
2016,July,Wicklow,New Irish Registrations,Hybrid,17
2016,August,Wicklow,New Irish Registrations,Hybrid,8
2016,September,Wicklow,New Irish Registrations,Hybrid,1
2016,October,Wicklow,New Irish Registrations,Hybrid,1
2016,November,Wicklow,New Irish Registrations,Hybrid,1
2016,February,Wicklow,Used Imports,Hybrid,1
2016,March,Wicklow,Used Imports,Hybrid,5
2016,April,Wicklow,Used Imports,Hybrid,3
2016,May,Wicklow,Used Imports,Hybrid,1
2016,June,Wicklow,Used Imports,Hybrid,3
2016,July,Wicklow,Used Imports,Hybrid,1
2016,August,Wicklow,Used Imports,Hybrid,6
2016,September,Wicklow,Used Imports,Hybrid,3
2016,October,Wicklow,Used Imports,Hybrid,3
2016,November,Wicklow,Used Imports,Hybrid,5
2016,December,Wicklow,Used Imports,Hybrid,1
2016,January,Wexford,New Irish Registrations,Non electric,"1,052"
2016,February,Wexford,New Irish Registrations,Non electric,442
2016,March,Wexford,New Irish Registrations,Non electric,597
2016,April,Wexford,New Irish Registrations,Non electric,193
2016,May,Wexford,New Irish Registrations,Non electric,145
2016,June,Wexford,New Irish Registrations,Non electric,31
2016,July,Wexford,New Irish Registrations,Non electric,671
2016,August,Wexford,New Irish Registrations,Non electric,143
2016,September,Wexford,New Irish Registrations,Non electric,104
2016,October,Wexford,New Irish Registrations,Non electric,35
2016,November,Wexford,New Irish Registrations,Non electric,10
2016,December,Wexford,New Irish Registrations,Non electric,5
2016,January,Wexford,New Imports,Non electric,1
2016,March,Wexford,New Imports,Non electric,1
2016,April,Wexford,New Imports,Non electric,1
2016,July,Wexford,New Imports,Non electric,2
2016,January,Wexford,Used Imports,Non electric,131
2016,February,Wexford,Used Imports,Non electric,170
2016,March,Wexford,Used Imports,Non electric,171
2016,April,Wexford,Used Imports,Non electric,153
2016,May,Wexford,Used Imports,Non electric,165
2016,June,Wexford,Used Imports,Non electric,145
2016,July,Wexford,Used Imports,Non electric,173
2016,August,Wexford,Used Imports,Non electric,207
2016,September,Wexford,Used Imports,Non electric,213
2016,October,Wexford,Used Imports,Non electric,191
2016,November,Wexford,Used Imports,Non electric,224
2016,December,Wexford,Used Imports,Non electric,170
2016,January,Wexford,New Irish Registrations,Electric,4
2016,February,Wexford,New Irish Registrations,Electric,2
2016,March,Wexford,New Irish Registrations,Electric,3
2016,July,Wexford,New Irish Registrations,Electric,1
2016,September,Wexford,New Irish Registrations,Electric,1
2016,April,Wexford,Used Imports,Electric,1
2016,September,Wexford,Used Imports,Electric,1
2016,November,Wexford,Used Imports,Electric,1
2016,December,Wexford,Used Imports,Electric,2
2016,January,Wexford,New Irish Registrations,Hybrid,17
2016,February,Wexford,New Irish Registrations,Hybrid,4
2016,March,Wexford,New Irish Registrations,Hybrid,8
2016,April,Wexford,New Irish Registrations,Hybrid,1
2016,July,Wexford,New Irish Registrations,Hybrid,8
2016,August,Wexford,New Irish Registrations,Hybrid,1
2016,October,Wexford,New Irish Registrations,Hybrid,1
2016,November,Wexford,New Irish Registrations,Hybrid,2
2016,February,Wexford,Used Imports,Hybrid,2
2016,April,Wexford,Used Imports,Hybrid,2
2016,May,Wexford,Used Imports,Hybrid,2
2016,June,Wexford,Used Imports,Hybrid,1
2016,July,Wexford,Used Imports,Hybrid,2
2016,August,Wexford,Used Imports,Hybrid,2
2016,September,Wexford,Used Imports,Hybrid,1
2016,October,Wexford,Used Imports,Hybrid,4
2016,November,Wexford,Used Imports,Hybrid,1
2016,January,Cork,New Irish Registrations,Non electric,"5,260"
2016,February,Cork,New Irish Registrations,Non electric,"2,916"
2016,March,Cork,New Irish Registrations,Non electric,"2,573"
2016,April,Cork,New Irish Registrations,Non electric,"1,237"
2016,May,Cork,New Irish Registrations,Non electric,795
2016,June,Cork,New Irish Registrations,Non electric,226
2016,July,Cork,New Irish Registrations,Non electric,"3,799"
2016,August,Cork,New Irish Registrations,Non electric,850
2016,September,Cork,New Irish Registrations,Non electric,517
2016,October,Cork,New Irish Registrations,Non electric,235
2016,November,Cork,New Irish Registrations,Non electric,71
2016,December,Cork,New Irish Registrations,Non electric,14
2016,February,Cork,New Imports,Non electric,2
2016,April,Cork,New Imports,Non electric,1
2016,August,Cork,New Imports,Non electric,1
2016,January,Cork,Used Imports,Non electric,342
2016,February,Cork,Used Imports,Non electric,443
2016,March,Cork,Used Imports,Non electric,484
2016,April,Cork,Used Imports,Non electric,456
2016,May,Cork,Used Imports,Non electric,507
2016,June,Cork,Used Imports,Non electric,416
2016,July,Cork,Used Imports,Non electric,476
2016,August,Cork,Used Imports,Non electric,549
2016,September,Cork,Used Imports,Non electric,591
2016,October,Cork,Used Imports,Non electric,649
2016,November,Cork,Used Imports,Non electric,665
2016,December,Cork,Used Imports,Non electric,550
2016,January,Cork,New Irish Registrations,Electric,5
2016,February,Cork,New Irish Registrations,Electric,10
2016,March,Cork,New Irish Registrations,Electric,14
2016,April,Cork,New Irish Registrations,Electric,1
2016,May,Cork,New Irish Registrations,Electric,1
2016,July,Cork,New Irish Registrations,Electric,8
2016,August,Cork,New Irish Registrations,Electric,5
2016,September,Cork,New Irish Registrations,Electric,2
2016,October,Cork,New Irish Registrations,Electric,1
2016,January,Cork,New Imports,Electric,1
2016,April,Cork,Used Imports,Electric,1
2016,July,Cork,Used Imports,Electric,2
2016,September,Cork,Used Imports,Electric,1
2016,October,Cork,Used Imports,Electric,1
2016,November,Cork,Used Imports,Electric,6
2016,December,Cork,Used Imports,Electric,1
2016,January,Cork,New Irish Registrations,Hybrid,72
2016,February,Cork,New Irish Registrations,Hybrid,29
2016,March,Cork,New Irish Registrations,Hybrid,25
2016,April,Cork,New Irish Registrations,Hybrid,16
2016,May,Cork,New Irish Registrations,Hybrid,9
2016,June,Cork,New Irish Registrations,Hybrid,1
2016,July,Cork,New Irish Registrations,Hybrid,73
2016,August,Cork,New Irish Registrations,Hybrid,14
2016,September,Cork,New Irish Registrations,Hybrid,11
2016,October,Cork,New Irish Registrations,Hybrid,4
2016,November,Cork,New Irish Registrations,Hybrid,8
2016,May,Cork,New Imports,Hybrid,1
2016,January,Cork,Used Imports,Hybrid,8
2016,February,Cork,Used Imports,Hybrid,6
2016,March,Cork,Used Imports,Hybrid,5
2016,April,Cork,Used Imports,Hybrid,4
2016,May,Cork,Used Imports,Hybrid,15
2016,June,Cork,Used Imports,Hybrid,4
2016,July,Cork,Used Imports,Hybrid,10
2016,August,Cork,Used Imports,Hybrid,4
2016,September,Cork,Used Imports,Hybrid,4
2016,October,Cork,Used Imports,Hybrid,5
2016,November,Cork,Used Imports,Hybrid,10
2016,December,Cork,Used Imports,Hybrid,15
2016,January,Clare,New Irish Registrations,Non electric,948
2016,February,Clare,New Irish Registrations,Non electric,554
2016,March,Clare,New Irish Registrations,Non electric,436
2016,April,Clare,New Irish Registrations,Non electric,196
2016,May,Clare,New Irish Registrations,Non electric,114
2016,June,Clare,New Irish Registrations,Non electric,29
2016,July,Clare,New Irish Registrations,Non electric,560
2016,August,Clare,New Irish Registrations,Non electric,140
2016,September,Clare,New Irish Registrations,Non electric,74
2016,October,Clare,New Irish Registrations,Non electric,33
2016,November,Clare,New Irish Registrations,Non electric,6
2016,December,Clare,New Irish Registrations,Non electric,3
2016,April,Clare,New Imports,Non electric,2
2016,September,Clare,New Imports,Non electric,1
2016,January,Clare,Used Imports,Non electric,122
2016,February,Clare,Used Imports,Non electric,172
2016,March,Clare,Used Imports,Non electric,168
2016,April,Clare,Used Imports,Non electric,161
2016,May,Clare,Used Imports,Non electric,159
2016,June,Clare,Used Imports,Non electric,169
2016,July,Clare,Used Imports,Non electric,157
2016,August,Clare,Used Imports,Non electric,183
2016,September,Clare,Used Imports,Non electric,185
2016,October,Clare,Used Imports,Non electric,183
2016,November,Clare,Used Imports,Non electric,209
2016,December,Clare,Used Imports,Non electric,177
2016,January,Clare,New Irish Registrations,Electric,1
2016,February,Clare,New Irish Registrations,Electric,3
2016,March,Clare,New Irish Registrations,Electric,5
2016,April,Clare,New Irish Registrations,Electric,1
2016,July,Clare,New Irish Registrations,Electric,2
2016,November,Clare,New Irish Registrations,Electric,2
2016,April,Clare,Used Imports,Electric,1
2016,May,Clare,Used Imports,Electric,1
2016,August,Clare,Used Imports,Electric,1
2016,November,Clare,Used Imports,Electric,1
2016,December,Clare,Used Imports,Electric,1
2016,January,Clare,New Irish Registrations,Hybrid,13
2016,February,Clare,New Irish Registrations,Hybrid,3
2016,March,Clare,New Irish Registrations,Hybrid,7
2016,April,Clare,New Irish Registrations,Hybrid,2
2016,May,Clare,New Irish Registrations,Hybrid,2
2016,June,Clare,New Irish Registrations,Hybrid,1
2016,July,Clare,New Irish Registrations,Hybrid,8
2016,August,Clare,New Irish Registrations,Hybrid,3
2016,September,Clare,New Irish Registrations,Hybrid,1
2016,November,Clare,New Irish Registrations,Hybrid,1
2016,February,Clare,Used Imports,Hybrid,1
2016,March,Clare,Used Imports,Hybrid,2
2016,April,Clare,Used Imports,Hybrid,1
2016,June,Clare,Used Imports,Hybrid,3
2016,July,Clare,Used Imports,Hybrid,1
2016,November,Clare,Used Imports,Hybrid,2
2016,December,Clare,Used Imports,Hybrid,1
2016,January,Kerry,New Irish Registrations,Non electric,890
2016,February,Kerry,New Irish Registrations,Non electric,506
2016,March,Kerry,New Irish Registrations,Non electric,530
2016,April,Kerry,New Irish Registrations,Non electric,203
2016,May,Kerry,New Irish Registrations,Non electric,93
2016,June,Kerry,New Irish Registrations,Non electric,35
2016,July,Kerry,New Irish Registrations,Non electric,637
2016,August,Kerry,New Irish Registrations,Non electric,150
2016,September,Kerry,New Irish Registrations,Non electric,87
2016,October,Kerry,New Irish Registrations,Non electric,31
2016,November,Kerry,New Irish Registrations,Non electric,10
2016,February,Kerry,New Imports,Non electric,1
2016,March,Kerry,New Imports,Non electric,1
2016,January,Kerry,Used Imports,Non electric,102
2016,February,Kerry,Used Imports,Non electric,127
2016,March,Kerry,Used Imports,Non electric,141
2016,April,Kerry,Used Imports,Non electric,140
2016,May,Kerry,Used Imports,Non electric,151
2016,June,Kerry,Used Imports,Non electric,119
2016,July,Kerry,Used Imports,Non electric,159
2016,August,Kerry,Used Imports,Non electric,172
2016,September,Kerry,Used Imports,Non electric,169
2016,October,Kerry,Used Imports,Non electric,138
2016,November,Kerry,Used Imports,Non electric,191
2016,December,Kerry,Used Imports,Non electric,111
2016,January,Kerry,New Irish Registrations,Electric,1
2016,February,Kerry,New Irish Registrations,Electric,2
2016,July,Kerry,New Irish Registrations,Electric,1
2016,August,Kerry,New Irish Registrations,Electric,1
2016,October,Kerry,New Irish Registrations,Electric,1
2016,May,Kerry,Used Imports,Electric,1
2016,June,Kerry,Used Imports,Electric,1
2016,July,Kerry,Used Imports,Electric,1
2016,August,Kerry,Used Imports,Electric,1
2016,November,Kerry,Used Imports,Electric,2
2016,December,Kerry,Used Imports,Electric,1
2016,January,Kerry,New Irish Registrations,Hybrid,13
2016,February,Kerry,New Irish Registrations,Hybrid,2
2016,March,Kerry,New Irish Registrations,Hybrid,10
2016,April,Kerry,New Irish Registrations,Hybrid,1
2016,May,Kerry,New Irish Registrations,Hybrid,4
2016,July,Kerry,New Irish Registrations,Hybrid,13
2016,August,Kerry,New Irish Registrations,Hybrid,2
2016,September,Kerry,New Irish Registrations,Hybrid,1
2016,October,Kerry,New Irish Registrations,Hybrid,1
2016,November,Kerry,New Irish Registrations,Hybrid,2
2016,April,Kerry,Used Imports,Hybrid,1
2016,May,Kerry,Used Imports,Hybrid,2
2016,September,Kerry,Used Imports,Hybrid,1
2016,October,Kerry,Used Imports,Hybrid,1
2016,November,Kerry,Used Imports,Hybrid,2
2016,December,Kerry,Used Imports,Hybrid,2
2016,January,Limerick,New Irish Registrations,Non electric,"1,610"
2016,February,Limerick,New Irish Registrations,Non electric,806
2016,March,Limerick,New Irish Registrations,Non electric,714
2016,April,Limerick,New Irish Registrations,Non electric,296
2016,May,Limerick,New Irish Registrations,Non electric,200
2016,June,Limerick,New Irish Registrations,Non electric,51
2016,July,Limerick,New Irish Registrations,Non electric,948
2016,August,Limerick,New Irish Registrations,Non electric,213
2016,September,Limerick,New Irish Registrations,Non electric,164
2016,October,Limerick,New Irish Registrations,Non electric,53
2016,November,Limerick,New Irish Registrations,Non electric,38
2016,December,Limerick,New Irish Registrations,Non electric,2
2016,January,Limerick,New Imports,Non electric,2
2016,February,Limerick,New Imports,Non electric,2
2016,January,Limerick,Used Imports,Non electric,103
2016,February,Limerick,Used Imports,Non electric,153
2016,March,Limerick,Used Imports,Non electric,148
2016,April,Limerick,Used Imports,Non electric,173
2016,May,Limerick,Used Imports,Non electric,179
2016,June,Limerick,Used Imports,Non electric,164
2016,July,Limerick,Used Imports,Non electric,203
2016,August,Limerick,Used Imports,Non electric,205
2016,September,Limerick,Used Imports,Non electric,216
2016,October,Limerick,Used Imports,Non electric,248
2016,November,Limerick,Used Imports,Non electric,245
2016,December,Limerick,Used Imports,Non electric,181
2016,January,Limerick,New Irish Registrations,Electric,2
2016,February,Limerick,New Irish Registrations,Electric,5
2016,March,Limerick,New Irish Registrations,Electric,4
2016,August,Limerick,New Irish Registrations,Electric,3
2016,November,Limerick,New Irish Registrations,Electric,1
2016,March,Limerick,Used Imports,Electric,1
2016,April,Limerick,Used Imports,Electric,1
2016,May,Limerick,Used Imports,Electric,1
2016,July,Limerick,Used Imports,Electric,3
2016,August,Limerick,Used Imports,Electric,1
2016,September,Limerick,Used Imports,Electric,2
2016,October,Limerick,Used Imports,Electric,1
2016,November,Limerick,Used Imports,Electric,1
2016,December,Limerick,Used Imports,Electric,4
2016,January,Limerick,New Irish Registrations,Hybrid,24
2016,February,Limerick,New Irish Registrations,Hybrid,7
2016,March,Limerick,New Irish Registrations,Hybrid,13
2016,April,Limerick,New Irish Registrations,Hybrid,5
2016,May,Limerick,New Irish Registrations,Hybrid,8
2016,June,Limerick,New Irish Registrations,Hybrid,1
2016,July,Limerick,New Irish Registrations,Hybrid,17
2016,August,Limerick,New Irish Registrations,Hybrid,6
2016,September,Limerick,New Irish Registrations,Hybrid,2
2016,October,Limerick,New Irish Registrations,Hybrid,1
2016,November,Limerick,New Irish Registrations,Hybrid,2
2016,January,Limerick,Used Imports,Hybrid,1
2016,February,Limerick,Used Imports,Hybrid,2
2016,March,Limerick,Used Imports,Hybrid,2
2016,May,Limerick,Used Imports,Hybrid,1
2016,June,Limerick,Used Imports,Hybrid,2
2016,July,Limerick,Used Imports,Hybrid,4
2016,August,Limerick,Used Imports,Hybrid,2
2016,November,Limerick,Used Imports,Hybrid,2
2016,December,Limerick,Used Imports,Hybrid,7
2016,January,Tipperary,New Irish Registrations,Non electric,"1,222"
2016,February,Tipperary,New Irish Registrations,Non electric,621
2016,March,Tipperary,New Irish Registrations,Non electric,642
2016,April,Tipperary,New Irish Registrations,Non electric,259
2016,May,Tipperary,New Irish Registrations,Non electric,166
2016,June,Tipperary,New Irish Registrations,Non electric,42
2016,July,Tipperary,New Irish Registrations,Non electric,755
2016,August,Tipperary,New Irish Registrations,Non electric,185
2016,September,Tipperary,New Irish Registrations,Non electric,125
2016,October,Tipperary,New Irish Registrations,Non electric,44
2016,November,Tipperary,New Irish Registrations,Non electric,11
2016,December,Tipperary,New Irish Registrations,Non electric,7
2016,March,Tipperary,New Imports,Non electric,1
2016,October,Tipperary,New Imports,Non electric,1
2016,January,Tipperary,Used Imports,Non electric,149
2016,February,Tipperary,Used Imports,Non electric,168
2016,March,Tipperary,Used Imports,Non electric,179
2016,April,Tipperary,Used Imports,Non electric,183
2016,May,Tipperary,Used Imports,Non electric,193
2016,June,Tipperary,Used Imports,Non electric,192
2016,July,Tipperary,Used Imports,Non electric,193
2016,August,Tipperary,Used Imports,Non electric,221
2016,September,Tipperary,Used Imports,Non electric,220
2016,October,Tipperary,Used Imports,Non electric,232
2016,November,Tipperary,Used Imports,Non electric,251
2016,December,Tipperary,Used Imports,Non electric,191
2016,January,Tipperary,New Irish Registrations,Electric,1
2016,February,Tipperary,New Irish Registrations,Electric,4
2016,March,Tipperary,New Irish Registrations,Electric,7
2016,November,Tipperary,New Irish Registrations,Electric,1
2016,September,Tipperary,Used Imports,Electric,1
2016,October,Tipperary,Used Imports,Electric,1
2016,January,Tipperary,New Irish Registrations,Hybrid,12
2016,February,Tipperary,New Irish Registrations,Hybrid,8
2016,March,Tipperary,New Irish Registrations,Hybrid,2
2016,April,Tipperary,New Irish Registrations,Hybrid,3
2016,May,Tipperary,New Irish Registrations,Hybrid,1
2016,June,Tipperary,New Irish Registrations,Hybrid,2
2016,July,Tipperary,New Irish Registrations,Hybrid,15
2016,August,Tipperary,New Irish Registrations,Hybrid,4
2016,October,Tipperary,New Irish Registrations,Hybrid,1
2016,November,Tipperary,New Irish Registrations,Hybrid,3
2016,December,Tipperary,New Irish Registrations,Hybrid,3
2016,January,Tipperary,Used Imports,Hybrid,2
2016,March,Tipperary,Used Imports,Hybrid,1
2016,May,Tipperary,Used Imports,Hybrid,4
2016,July,Tipperary,Used Imports,Hybrid,1
2016,August,Tipperary,Used Imports,Hybrid,1
2016,September,Tipperary,Used Imports,Hybrid,1
2016,December,Tipperary,Used Imports,Hybrid,2
2016,January,Waterford,New Irish Registrations,Non electric,"1,002"
2016,February,Waterford,New Irish Registrations,Non electric,528
2016,March,Waterford,New Irish Registrations,Non electric,613
2016,April,Waterford,New Irish Registrations,Non electric,290
2016,May,Waterford,New Irish Registrations,Non electric,113
2016,June,Waterford,New Irish Registrations,Non electric,31
2016,July,Waterford,New Irish Registrations,Non electric,756
2016,August,Waterford,New Irish Registrations,Non electric,149
2016,September,Waterford,New Irish Registrations,Non electric,98
2016,October,Waterford,New Irish Registrations,Non electric,40
2016,November,Waterford,New Irish Registrations,Non electric,11
2016,December,Waterford,New Irish Registrations,Non electric,4
2016,January,Waterford,New Imports,Non electric,1
2016,March,Waterford,New Imports,Non electric,1
2016,April,Waterford,New Imports,Non electric,1
2016,July,Waterford,New Imports,Non electric,2
2016,January,Waterford,Used Imports,Non electric,75
2016,February,Waterford,Used Imports,Non electric,107
2016,March,Waterford,Used Imports,Non electric,114
2016,April,Waterford,Used Imports,Non electric,77
2016,May,Waterford,Used Imports,Non electric,110
2016,June,Waterford,Used Imports,Non electric,90
2016,July,Waterford,Used Imports,Non electric,90
2016,August,Waterford,Used Imports,Non electric,134
2016,September,Waterford,Used Imports,Non electric,139
2016,October,Waterford,Used Imports,Non electric,171
2016,November,Waterford,Used Imports,Non electric,145
2016,December,Waterford,Used Imports,Non electric,107
2016,January,Waterford,New Irish Registrations,Electric,2
2016,February,Waterford,New Irish Registrations,Electric,2
2016,March,Waterford,New Irish Registrations,Electric,1
2016,July,Waterford,New Irish Registrations,Electric,3
2016,September,Waterford,New Irish Registrations,Electric,1
2016,July,Waterford,Used Imports,Electric,2
2016,September,Waterford,Used Imports,Electric,1
2016,October,Waterford,Used Imports,Electric,2
2016,November,Waterford,Used Imports,Electric,1
2016,December,Waterford,Used Imports,Electric,1
2016,January,Waterford,New Irish Registrations,Hybrid,11
2016,February,Waterford,New Irish Registrations,Hybrid,4
2016,March,Waterford,New Irish Registrations,Hybrid,6
2016,June,Waterford,New Irish Registrations,Hybrid,1
2016,July,Waterford,New Irish Registrations,Hybrid,10
2016,August,Waterford,New Irish Registrations,Hybrid,6
2016,October,Waterford,New Irish Registrations,Hybrid,1
2016,November,Waterford,New Irish Registrations,Hybrid,2
2016,February,Waterford,Used Imports,Hybrid,2
2016,March,Waterford,Used Imports,Hybrid,3
2016,May,Waterford,Used Imports,Hybrid,1
2016,June,Waterford,Used Imports,Hybrid,1
2016,July,Waterford,Used Imports,Hybrid,3
2016,August,Waterford,Used Imports,Hybrid,2
2016,September,Waterford,Used Imports,Hybrid,2
2016,November,Waterford,Used Imports,Hybrid,2
2016,December,Waterford,Used Imports,Hybrid,2
2016,January,Cavan,New Irish Registrations,Non electric,479
2016,February,Cavan,New Irish Registrations,Non electric,252
2016,March,Cavan,New Irish Registrations,Non electric,226
2016,April,Cavan,New Irish Registrations,Non electric,74
2016,May,Cavan,New Irish Registrations,Non electric,42
2016,June,Cavan,New Irish Registrations,Non electric,10
2016,July,Cavan,New Irish Registrations,Non electric,342
2016,August,Cavan,New Irish Registrations,Non electric,67
2016,September,Cavan,New Irish Registrations,Non electric,50
2016,October,Cavan,New Irish Registrations,Non electric,19
2016,November,Cavan,New Irish Registrations,Non electric,6
2016,December,Cavan,New Irish Registrations,Non electric,3
2016,July,Cavan,New Imports,Non electric,1
2016,January,Cavan,Used Imports,Non electric,96
2016,February,Cavan,Used Imports,Non electric,117
2016,March,Cavan,Used Imports,Non electric,123
2016,April,Cavan,Used Imports,Non electric,117
2016,May,Cavan,Used Imports,Non electric,124
2016,June,Cavan,Used Imports,Non electric,142
2016,July,Cavan,Used Imports,Non electric,112
2016,August,Cavan,Used Imports,Non electric,132
2016,September,Cavan,Used Imports,Non electric,160
2016,October,Cavan,Used Imports,Non electric,172
2016,November,Cavan,Used Imports,Non electric,171
2016,December,Cavan,Used Imports,Non electric,111
2016,February,Cavan,New Irish Registrations,Electric,1
2016,March,Cavan,New Irish Registrations,Electric,1
2016,March,Cavan,Used Imports,Electric,1
2016,January,Cavan,New Irish Registrations,Hybrid,10
2016,February,Cavan,New Irish Registrations,Hybrid,4
2016,March,Cavan,New Irish Registrations,Hybrid,4
2016,April,Cavan,New Irish Registrations,Hybrid,2
2016,May,Cavan,New Irish Registrations,Hybrid,2
2016,July,Cavan,New Irish Registrations,Hybrid,6
2016,August,Cavan,New Irish Registrations,Hybrid,1
2016,September,Cavan,New Irish Registrations,Hybrid,1
2016,October,Cavan,New Irish Registrations,Hybrid,1
2016,November,Cavan,New Irish Registrations,Hybrid,2
2016,February,Cavan,Used Imports,Hybrid,1
2016,March,Cavan,Used Imports,Hybrid,1
2016,June,Cavan,Used Imports,Hybrid,1
2016,August,Cavan,Used Imports,Hybrid,2
2016,October,Cavan,Used Imports,Hybrid,1
2016,November,Cavan,Used Imports,Hybrid,2
2016,December,Cavan,Used Imports,Hybrid,1
2016,January,Donegal,New Irish Registrations,Non electric,"1,101"
2016,February,Donegal,New Irish Registrations,Non electric,519
2016,March,Donegal,New Irish Registrations,Non electric,441
2016,April,Donegal,New Irish Registrations,Non electric,230
2016,May,Donegal,New Irish Registrations,Non electric,146
2016,June,Donegal,New Irish Registrations,Non electric,21
2016,July,Donegal,New Irish Registrations,Non electric,678
2016,August,Donegal,New Irish Registrations,Non electric,179
2016,September,Donegal,New Irish Registrations,Non electric,79
2016,October,Donegal,New Irish Registrations,Non electric,42
2016,November,Donegal,New Irish Registrations,Non electric,20
2016,December,Donegal,New Irish Registrations,Non electric,5
2016,January,Donegal,New Imports,Non electric,1
2016,May,Donegal,New Imports,Non electric,1
2016,June,Donegal,New Imports,Non electric,1
2016,July,Donegal,New Imports,Non electric,1
2016,August,Donegal,New Imports,Non electric,1
2016,October,Donegal,New Imports,Non electric,1
2016,January,Donegal,Used Imports,Non electric,363
2016,February,Donegal,Used Imports,Non electric,361
2016,March,Donegal,Used Imports,Non electric,370
2016,April,Donegal,Used Imports,Non electric,442
2016,May,Donegal,Used Imports,Non electric,470
2016,June,Donegal,Used Imports,Non electric,421
2016,July,Donegal,Used Imports,Non electric,413
2016,August,Donegal,Used Imports,Non electric,390
2016,September,Donegal,Used Imports,Non electric,454
2016,October,Donegal,Used Imports,Non electric,425
2016,November,Donegal,Used Imports,Non electric,513
2016,December,Donegal,Used Imports,Non electric,339
2016,March,Donegal,New Irish Registrations,Electric,1
2016,July,Donegal,New Irish Registrations,Electric,3
2016,August,Donegal,New Irish Registrations,Electric,1
2016,June,Donegal,Used Imports,Electric,1
2016,January,Donegal,New Irish Registrations,Hybrid,18
2016,February,Donegal,New Irish Registrations,Hybrid,8
2016,March,Donegal,New Irish Registrations,Hybrid,2
2016,April,Donegal,New Irish Registrations,Hybrid,4
2016,May,Donegal,New Irish Registrations,Hybrid,5
2016,July,Donegal,New Irish Registrations,Hybrid,8
2016,August,Donegal,New Irish Registrations,Hybrid,2
2016,October,Donegal,New Irish Registrations,Hybrid,1
2016,November,Donegal,New Irish Registrations,Hybrid,3
2016,January,Donegal,Used Imports,Hybrid,1
2016,February,Donegal,Used Imports,Hybrid,4
2016,May,Donegal,Used Imports,Hybrid,1
2016,June,Donegal,Used Imports,Hybrid,2
2016,July,Donegal,Used Imports,Hybrid,2
2016,August,Donegal,Used Imports,Hybrid,3
2016,September,Donegal,Used Imports,Hybrid,1
2016,October,Donegal,Used Imports,Hybrid,2
2016,November,Donegal,Used Imports,Hybrid,1
2016,January,Monaghan,New Irish Registrations,Non electric,392
2016,February,Monaghan,New Irish Registrations,Non electric,180
2016,March,Monaghan,New Irish Registrations,Non electric,157
2016,April,Monaghan,New Irish Registrations,Non electric,87
2016,May,Monaghan,New Irish Registrations,Non electric,55
2016,June,Monaghan,New Irish Registrations,Non electric,7
2016,July,Monaghan,New Irish Registrations,Non electric,227
2016,August,Monaghan,New Irish Registrations,Non electric,56
2016,September,Monaghan,New Irish Registrations,Non electric,38
2016,October,Monaghan,New Irish Registrations,Non electric,13
2016,November,Monaghan,New Irish Registrations,Non electric,4
2016,December,Monaghan,New Irish Registrations,Non electric,5
2016,January,Monaghan,New Imports,Non electric,1
2016,April,Monaghan,New Imports,Non electric,1
2016,January,Monaghan,Used Imports,Non electric,128
2016,February,Monaghan,Used Imports,Non electric,121
2016,March,Monaghan,Used Imports,Non electric,128
2016,April,Monaghan,Used Imports,Non electric,173
2016,May,Monaghan,Used Imports,Non electric,168
2016,June,Monaghan,Used Imports,Non electric,150
2016,July,Monaghan,Used Imports,Non electric,175
2016,August,Monaghan,Used Imports,Non electric,141
2016,September,Monaghan,Used Imports,Non electric,176
2016,October,Monaghan,Used Imports,Non electric,185
2016,November,Monaghan,Used Imports,Non electric,184
2016,December,Monaghan,Used Imports,Non electric,120
2016,January,Monaghan,New Irish Registrations,Electric,1
2016,January,Monaghan,New Irish Registrations,Hybrid,3
2016,February,Monaghan,New Irish Registrations,Hybrid,3
2016,March,Monaghan,New Irish Registrations,Hybrid,2
2016,July,Monaghan,New Irish Registrations,Hybrid,5
2016,August,Monaghan,New Irish Registrations,Hybrid,2
2016,November,Monaghan,New Irish Registrations,Hybrid,1
